[['java', 'spring-boot', 'spring', 'framework'],
 ['react',
  'ui-kit',
  'typescript',
  'antd',
  'ant-design',
  'design-systems',
  'ui-library'],
 ['learn-to-code', 'git', 'github', 'app'],
 ['python',
  'algorithm',
  'algorithms-implemented',
  'algorithm-competitions',
  'algos',
  'sorts',
  'searches',
  'sorting-algorithms',
  'education',
  'learn',
  'practice',
  'community-driven',
  'interview',
  'hacktoberfest'],
 ['javascript', 'react', 'frontend', 'declarative', 'ui', 'library'],
 ['kubernetes', 'go', 'cncf', 'containers'],
 ['java',
  'jvm',
  'interview',
  'redis',
  'spring',
  'mysql',
  'zookeeper',
  'algorithms',
  'system',
  'system-design'],
 ['programming',
  'development',
  'design',
  'design-system',
  'system',
  'design-patterns',
  'web',
  'web-application',
  'webapp',
  'python',
  'interview',
  'interview-questions',
  'interview-practice'],
 [],
 [],
 ['python', 'ansible', 'hacktoberfest'],
 ['elasticsearch', 'java', 'search-engine'],
 ['android',
  'app-framework',
  'ios',
  'mobile',
  'mobile-development',
  'react-native',
  'cross-platform',
  'react'],
 ['php', 'framework', 'laravel'],
 ['exercise', 'javascript', 'jasmine'],
 ['c',
  'rdp',
  'remote-desktop',
  'freerdp',
  'library',
  'android',
  'rdp-client',
  'rdp-connection',
  'sdl',
  'wayland-client',
  'x11'],
 ['visualization', 'data-visualization', 'charts', 'svg', 'chart', 'd3'],
 ['awesome',
  'python',
  'collections',
  'python-library',
  'python-framework',
  'python-resources'],
 ['jekyll',
  'jekyll-theme',
  'theme',
  'github-pages',
  'ruby-gem',
  'algolia',
  'algolia-search',
  'lunr'],
 ['rails', 'mvc', 'html', 'activerecord', 'activejob', 'ruby', 'framework'],
 [],
 ['nlp',
  'natural-language-processing',
  'pytorch',
  'language-model',
  'tensorflow',
  'bert',
  'language-models',
  'pytorch-transformers',
  'nlp-library',
  'transformer',
  'model-hub',
  'pretrained-models',
  'jax',
  'flax',
  'seq2seq',
  'speech-recognition',
  'hacktoberfest',
  'python',
  'machine-learning',
  'deep-learning'],
 ['cache', 'database', 'key-value', 'message-broker', 'nosql', 'redis'],
 [],
 ['leetcode',
  'algorithms',
  'interview-questions',
  'data-structures',
  'kmp',
  'dynamic-programming',
  'computer-science',
  'dynamic-programming-algorithm'],
 [],
 [],
 ['slate', 'api-documentation', 'api', 'static-site-generator'],
 [],
 [],
 ['readme', 'readme-template'],
 ['computer-science',
  'roadmap',
  'developer-roadmap',
  'frontend-roadmap',
  'devops-roadmap',
  'backend-roadmap',
  'react-roadmap',
  'angular-roadmap',
  'python-roadmap',
  'go-roadmap',
  'java-roadmap',
  'dba-roadmap',
  'vue-roadmap',
  'blockchain-roadmap',
  'javascript-roadmap',
  'nodejs-roadmap',
  'qa-roadmap',
  'software-architect-roadmap'],
 ['framework', 'spring', 'spring-framework'],
 ['javascript',
  '3d',
  'virtual-reality',
  'augmented-reality',
  'webgl',
  'webgl2',
  'webgpu',
  'webxr',
  'webaudio',
  'canvas',
  'svg',
  'html5'],
 ['bitcoin', 'c-plus-plus', 'p2p', 'cryptocurrency', 'cryptography'],
 [],
 ['vue', 'javascript', 'frontend', 'framework'],
 [],
 ['learn-to-code',
  'nonprofits',
  'programming',
  'nodejs',
  'react',
  'd3',
  'careers',
  'education',
  'teachers',
  'javascript',
  'certification',
  'curriculum',
  'math',
  'community',
  'freecodecamp',
  'hacktoberfest'],
 ['keyboard-firmware',
  'c',
  'olkb',
  'ergodox-ez',
  'clueboard',
  'qmk',
  'keyboard-support',
  'c-plus-plus',
  'atmel-avr',
  'hacktoberfest'],
 [],
 ['tensorflow',
  'machine-learning',
  'python',
  'deep-learning',
  'deep-neural-networks',
  'neural-network',
  'ml',
  'distributed'],
 ['smartthings',
  'smartapp',
  'internet-of-things',
  'open-source',
  'zigbee',
  'zwave',
  'upnp',
  'oauth2'],
 [],
 ['css', 'bootstrap', 'javascript', 'html', 'scss', 'css-framework', 'sass'],
 ['gitignore', 'git'],
 [],
 [],
 ['computer-science',
  'interview',
  'programming-interviews',
  'study-plan',
  'data-structures',
  'algorithms',
  'software-engineering',
  'algorithm',
  'coding-interviews',
  'interview-prep',
  'coding-interview',
  'interview-preparation'],
 [],
 [],
 [],
 ['learning', 'learning-to-code', 'learning-js', 'mdn-docs'],
 ['spring-boot',
  'spring-security',
  'mybatis',
  'docker',
  'swagger-ui',
  'mysql',
  'redis',
  'elasticsearch',
  'mongodb',
  'elk',
  'spring',
  'rabbitmq',
  'spring-cloud',
  'java',
  'springcloud',
  'springboot'],
 ['editor', 'electron', 'visual-studio-code', 'typescript', 'microsoft'],
 ['dubbo',
  'distributed-systems',
  'framework',
  'java',
  'microservices',
  'restful',
  'rpc',
  'grpc',
  'http',
  'service-mesh',
  'web'],
 ['python', 'scala', 'r', 'java', 'big-data', 'jdbc', 'sql', 'spark'],
 ['react', 'zero-configuration', 'build-tools'],
 ['awesome', 'awesome-list', 'unicorns', 'lists', 'resources'],
 ['nodejs',
  'javascript',
  'node',
  'js',
  'runtime',
  'mit',
  'linux',
  'macos',
  'windows'],
 ['python',
  'javascript',
  'android',
  'books',
  'free',
  'pdf',
  'programming',
  'react',
  'vue',
  'angular',
  'react-native',
  'kotlin',
  'ios',
  'swift'],
 ['python',
  'django',
  'web',
  'framework',
  'orm',
  'templates',
  'models',
  'views',
  'apps'],
 [],
 [],
 ['javascript',
  'algorithms',
  'algorithm',
  'javascript-algorithms',
  'computer-science',
  'interview',
  'data-structures',
  'interview-preparation'],
 ['vue',
  'admin',
  'element-ui',
  'axios',
  'vuex',
  'vue-cli',
  'element',
  'vue-admin',
  'admin-template',
  'mock',
  'admin-dashboard',
  'desktop',
  'management-system',
  'webpack',
  'i18n',
  'dashboard',
  'tinymce',
  'webpack4',
  'xlsx'],
 ['ai',
  'gpt-4',
  'openai',
  'python',
  'artificial-intelligence',
  'autonomous-agents'],
 [],
 ['typescript',
  'definition',
  'dts',
  'types',
  'typings',
  'typescript-definitions',
  'hacktoberfest'],
 ['book-series',
  'javascript',
  'closures',
  'prototypes',
  'async',
  'es6',
  'es2015',
  'training-materials',
  'book',
  'training-providers',
  'education',
  'programming',
  'learn-to-code'],
 ['api',
  'public-apis',
  'free',
  'apis',
  'list',
  'development',
  'software',
  'public',
  'resources',
  'dataset',
  'open-source',
  'public-api',
  'lists'],
 ['angular',
  'typescript',
  'web',
  'javascript',
  'pwa',
  'web-framework',
  'web-performance'],
 ['mobile',
  'android',
  'ios',
  'material-design',
  'dart',
  'skia',
  'web',
  'web-framework',
  'windows',
  'macos',
  'fuchsia',
  'dart-platform',
  'linux-desktop',
  'app-framework',
  'desktop',
  'cross-platform',
  'flutter',
  'flutter-package',
  'mobile-development'],
 ['python',
  'home-automation',
  'iot',
  'internet-of-things',
  'mqtt',
  'raspberry-pi',
  'asyncio',
  'hacktoberfest'],
 ['aspnetcore', 'aspnet-core', 'aspnet', 'docs', 'asp'],
 ['shell',
  'zsh-configuration',
  'theme',
  'terminal',
  'productivity',
  'zsh',
  'cli',
  'cli-app',
  'themes',
  'plugins',
  'plugin-framework',
  'oh-my-zsh',
  'ohmyzsh',
  'oh-my-zsh-theme',
  'oh-my-zsh-plugin',
  'hacktoberfest'],
 ['java',
  'principles',
  'design-patterns',
  'awesome-list',
  'snippets',
  'snippets-collection',
  'snippets-library',
  'hacktoberfest'],
 ['machine-learning', 'python', 'statistics', 'data-science', 'data-analysis'],
 ['c', 'shell', 'hacktoberfest'],
 ['javascript',
  'eslint',
  'naming-conventions',
  'arrow-functions',
  'style-guide',
  'style-linter',
  'es6',
  'es2015',
  'linting',
  'styleguide',
  'es2016',
  'es2017',
  'es2018',
  'tc39'],
 ['hacktoberfest', 'docs', 'works-with-codespaces'],
 ['opencv',
  'c-plus-plus',
  'computer-vision',
  'deep-learning',
  'image-processing'],
 [],
 ['algorithm',
  'leetcode',
  'interview',
  'computer-science',
  'system-design',
  'java',
  'python',
  'cpp'],
 ['open-source',
  'tutorial',
  'contribution',
  'community',
  'tutorials',
  'beginner',
  'beginner-friendly',
  'contributions',
  'contributions-welcome',
  'good-first-issue',
  'help-wanted'],
 [],
 ['education', 'books', 'list', 'resource', 'hacktoberfest'],
 [],
 [],
 [],
 ['rust',
  'webview',
  'high-performance',
  'works-with-vue',
  'works-with-gatsby',
  'works-with-svelte',
  'works-with-react',
  'works-with-quasar',
  'works-with-phaser',
  'works-with-yew',
  'works-with-reason',
  'works-with-mint',
  'works-with-construct',
  'works-with-flutter',
  'works-with-elm',
  'works-with-clojurescript',
  'hacktoberfest'],
 ['go',
  'hugo',
  'static-site-generator',
  'blog-engine',
  'cms',
  'content-management-system',
  'documentation-tool'],
 ['iptv', 'm3u', 'playlist', 'tv', 'streams'],
 ['applications', 'ideas', 'coding', 'hacktoberfest'],
 [],
 ['hacking',
  'security',
  'bug-bounty',
  'awesome',
  'android',
  'fuzzing',
  'penetration-testing',
  'pentesting-windows',
  'reverse-engineering'],
 ['computer-science',
  'roadmap',
  'developer-roadmap',
  'frontend-roadmap',
  'devops-roadmap',
  'backend-roadmap',
  'react-roadmap',
  'angular-roadmap',
  'python-roadmap',
  'go-roadmap',
  'java-roadmap',
  'dba-roadmap',
  'vue-roadmap',
  'blockchain-roadmap',
  'javascript-roadmap',
  'nodejs-roadmap',
  'qa-roadmap',
  'software-architect-roadmap'],
 ['learn-to-code',
  'nonprofits',
  'programming',
  'nodejs',
  'react',
  'd3',
  'careers',
  'education',
  'teachers',
  'javascript',
  'certification',
  'curriculum',
  'math',
  'community',
  'freecodecamp',
  'hacktoberfest'],
 ['javascript', 'react', 'frontend', 'declarative', 'ui', 'library'],
 ['vue', 'javascript', 'frontend', 'framework'],
 [],
 ['computer-science',
  'interview',
  'programming-interviews',
  'study-plan',
  'data-structures',
  'algorithms',
  'software-engineering',
  'algorithm',
  'coding-interviews',
  'interview-prep',
  'coding-interview',
  'interview-preparation'],
 ['api',
  'public-apis',
  'free',
  'apis',
  'list',
  'development',
  'software',
  'public',
  'resources',
  'dataset',
  'open-source',
  'public-api',
  'lists'],
 ['programming',
  'development',
  'design',
  'design-system',
  'system',
  'design-patterns',
  'web',
  'web-application',
  'webapp',
  'python',
  'interview',
  'interview-questions',
  'interview-practice'],
 ['education', 'books', 'list', 'resource', 'hacktoberfest'],
 ['awesome', 'awesome-list', 'unicorns', 'lists', 'resources'],
 ['tensorflow',
  'machine-learning',
  'python',
  'deep-learning',
  'deep-neural-networks',
  'neural-network',
  'ml',
  'distributed'],
 ['python',
  'algorithm',
  'algorithms-implemented',
  'algorithm-competitions',
  'algos',
  'sorts',
  'searches',
  'sorting-algorithms',
  'education',
  'learn',
  'practice',
  'community-driven',
  'interview',
  'hacktoberfest'],
 ['javascript',
  'algorithms',
  'algorithm',
  'javascript-algorithms',
  'computer-science',
  'interview',
  'data-structures',
  'interview-preparation'],
 ['mobile',
  'android',
  'ios',
  'material-design',
  'dart',
  'skia',
  'web',
  'web-framework',
  'windows',
  'macos',
  'fuchsia',
  'dart-platform',
  'linux-desktop',
  'app-framework',
  'desktop',
  'cross-platform',
  'flutter',
  'flutter-package',
  'mobile-development'],
 ['shell',
  'zsh-configuration',
  'theme',
  'terminal',
  'productivity',
  'zsh',
  'cli',
  'cli-app',
  'themes',
  'plugins',
  'plugin-framework',
  'oh-my-zsh',
  'ohmyzsh',
  'oh-my-zsh-theme',
  'oh-my-zsh-plugin',
  'hacktoberfest'],
 ['css', 'bootstrap', 'javascript', 'html', 'scss', 'css-framework', 'sass'],
 ['algorithm',
  'leetcode',
  'interview',
  'computer-science',
  'system-design',
  'java',
  'python',
  'cpp'],
 [],
 ['awesome',
  'python',
  'collections',
  'python-library',
  'python-framework',
  'python-resources'],
 ['book-series',
  'javascript',
  'closures',
  'prototypes',
  'async',
  'es6',
  'es2015',
  'training-materials',
  'book',
  'training-providers',
  'education',
  'programming',
  'learn-to-code'],
 ['computer-science', 'awesome-list', 'courses', 'curriculum'],
 ['bash', 'unix', 'documentation', 'linux', 'macos', 'windows'],
 ['gitignore', 'git'],
 ['selfhosted',
  'awesome',
  'awesome-list',
  'privacy',
  'hosting',
  'cloud',
  'self-hosted',
  'free-software'],
 ['java',
  'jvm',
  'interview',
  'redis',
  'spring',
  'mysql',
  'zookeeper',
  'algorithms',
  'system',
  'system-design'],
 [],
 ['javascript',
  'eslint',
  'naming-conventions',
  'arrow-functions',
  'style-guide',
  'style-linter',
  'es6',
  'es2015',
  'linting',
  'styleguide',
  'es2016',
  'es2017',
  'es2018',
  'tc39'],
 ['editor', 'electron', 'visual-studio-code', 'typescript', 'microsoft'],
 ['ai',
  'gpt-4',
  'openai',
  'python',
  'artificial-intelligence',
  'autonomous-agents'],
 [],
 ['bitcoin', 'c-plus-plus', 'p2p', 'cryptocurrency', 'cryptography'],
 ['java', 'spring-boot', 'spring', 'framework'],
 ['nvm',
  'nodejs',
  'node',
  'node-js',
  'version-manager',
  'posix',
  'posix-compliant',
  'bash',
  'zsh',
  'shell',
  'nvmrc',
  'lts',
  'install'],
 ['neural-network',
  'autograd',
  'gpu',
  'numpy',
  'deep-learning',
  'tensor',
  'python',
  'machine-learning'],
 ['spring-boot',
  'spring-security',
  'mybatis',
  'docker',
  'swagger-ui',
  'mysql',
  'redis',
  'elasticsearch',
  'mongodb',
  'elk',
  'spring',
  'rabbitmq',
  'spring-cloud',
  'java',
  'springcloud',
  'springboot'],
 ['opencv',
  'c-plus-plus',
  'computer-vision',
  'deep-learning',
  'image-processing'],
 ['neovim', 'c', 'vim', 'lua', 'nvim', 'text-editor', 'api'],
 ['java',
  'distributed-systems',
  'message-queue',
  'redis',
  'distributed-search-engine',
  'high-availability',
  'high-concurrency',
  'dubbo',
  'zookeeper',
  'rpc',
  'elasticsearch',
  'hystrix',
  'spring-cloud',
  'microservices-architecture',
  'ribbon',
  'feign',
  'eureka',
  'springcloud-config',
  'doocs',
  'advanced-java'],
 [],
 ['server', 'middleware', 'framework', 'go', 'router', 'performance', 'gin'],
 ['storybook',
  'styleguide',
  'testing',
  'components',
  'webpack',
  'ui',
  'react',
  'vue',
  'react-native',
  'design-systems',
  'javascript',
  'angular',
  'svelte',
  'ember',
  'ui-components',
  'documentation',
  'web-components',
  'typescript',
  'html'],
 [],
 ['headless-chrome',
  'testing',
  'web',
  'developer-tools',
  'node-module',
  'automation',
  'chrome',
  'chromium'],
 ['java',
  'principles',
  'design-patterns',
  'awesome-list',
  'snippets',
  'snippets-collection',
  'snippets-library',
  'hacktoberfest'],
 [],
 ['css-animations', 'css', 'animation', 'stylesheets'],
 ['vue',
  'admin',
  'element-ui',
  'axios',
  'vuex',
  'vue-cli',
  'element',
  'vue-admin',
  'admin-template',
  'mock',
  'admin-dashboard',
  'desktop',
  'management-system',
  'webpack',
  'i18n',
  'dashboard',
  'tinymce',
  'webpack4',
  'xlsx'],
 ['python', 'shell'],
 ['github', 'hellogithub', 'python', 'awesome'],
 ['computer-science',
  'read-papers',
  'meetup',
  'papers',
  'programming',
  'theory',
  'awesome'],
 ['kubernetes', 'go', 'cncf', 'containers'],
 ['javascript',
  '3d',
  'virtual-reality',
  'augmented-reality',
  'webgl',
  'webgl2',
  'webgpu',
  'webxr',
  'webaudio',
  'canvas',
  'svg',
  'html5'],
 ['powertoys',
  'desktop',
  'windows',
  'fancyzones',
  'microsoft-powertoys',
  'powerrename',
  'keyboard-manager',
  'color-picker'],
 ['visualization', 'data-visualization', 'charts', 'svg', 'chart', 'd3'],
 ['interview-questions',
  'coding-interviews',
  'interview-practice',
  'interview-preparation',
  'algorithm',
  'algorithms',
  'system-design',
  'behavioral-interviews',
  'algorithm-interview',
  'algorithm-interview-questions'],
 ['deep-learning',
  'diffusion',
  'image-generation',
  'image2image',
  'img2img',
  'text2image',
  'txt2img',
  'ai',
  'ai-art',
  'gradio',
  'pytorch',
  'stable-diffusion',
  'torch',
  'upscaling',
  'web',
  'unstable'],
 ['react', 'zero-configuration', 'build-tools'],
 ['http-client', 'javascript', 'nodejs', 'promise', 'hacktoberfest'],
 ['nodejs',
  'javascript',
  'node',
  'js',
  'runtime',
  'mit',
  'linux',
  'macos',
  'windows'],
 ['python',
  'javascript',
  'android',
  'books',
  'free',
  'pdf',
  'programming',
  'react',
  'vue',
  'angular',
  'react-native',
  'kotlin',
  'ios',
  'swift'],
 ['react',
  'ui-kit',
  'typescript',
  'antd',
  'ant-design',
  'design-systems',
  'ui-library'],
 ['nodejs',
  'javascript',
  'best-practices',
  'styleguide',
  'style-guide',
  'node-js',
  'express',
  'expressjs',
  'nodejs-development',
  'es6',
  'eslint',
  'mocha',
  'microservices',
  'rest',
  'npm',
  'jest',
  'types',
  'testing'],
 ['angular',
  'typescript',
  'web',
  'javascript',
  'pwa',
  'web-framework',
  'web-performance'],
 ['deno', 'typescript', 'javascript', 'rust'],
 ['console',
  'terminal',
  'cmd',
  'wsl',
  'windows-console',
  'command-line',
  'windows-terminal',
  'contributions-welcome',
  'good-first-issue',
  'windows',
  'hacktoberfest'],
 ['android',
  'c',
  'sdl2',
  'libav',
  'ffmpeg',
  'screen',
  'mirroring',
  'recording'],
 ['rust', 'compiler', 'language', 'hacktoberfest'],
 ['typescript', 'javascript', 'language', 'typechecker'],
 ['chatbot', 'chatgpt', 'chatgpt-api', 'language', 'bots'],
 ['javascript',
  'principles',
  'composition',
  'inheritance',
  'clean-code',
  'clean-architecture',
  'best-practices'],
 ['fontawesome',
  'icons',
  'webfont',
  'font',
  'css',
  'svg-icons',
  'svg-sprites'],
 ['python',
  'django',
  'web',
  'framework',
  'orm',
  'templates',
  'models',
  'views',
  'apps'],
 ['game-engine',
  'godot',
  'godotengine',
  'open-source',
  'multi-platform',
  'gamedev',
  'game-development',
  'hacktoberfest'],
 ['template', 'ui', 'compiler'],
 ['proxy',
  'reverse-proxy',
  'tunnel',
  'nat',
  'go',
  'firewall',
  'frp',
  'expose',
  'http-proxy',
  'p2p'],
 ['programming-ligatures', 'font', 'ligatures'],
 ['php', 'framework', 'laravel'],
 ['tailwindcss',
  'css',
  'css-framework',
  'postcss',
  'functional-css',
  'utility-classes',
  'responsive'],
 ['leetcode',
  'leetcode-solutions',
  'leetcode-java',
  'animation',
  'leetcode-c'],
 ['cc-by', 'computer-science', 'educational', 'novice', 'collection'],
 ['electron',
  'javascript',
  'c-plus-plus',
  'html',
  'css',
  'chrome',
  'nodejs',
  'v8',
  'works-with-codespaces'],
 ['awesome-list',
  'javascript',
  'snippets',
  'snippets-collection',
  'learning-resources',
  'learn-to-code',
  'programming',
  'education',
  'es6-javascript',
  'nodejs',
  'css',
  'git',
  'html',
  'python',
  'reactjs',
  'astro',
  'github-actions',
  'netlify',
  'website-infrastructure'],
 ['nlp',
  'natural-language-processing',
  'pytorch',
  'language-model',
  'tensorflow',
  'bert',
  'language-models',
  'pytorch-transformers',
  'nlp-library',
  'transformer',
  'model-hub',
  'pretrained-models',
  'jax',
  'flax',
  'seq2seq',
  'speech-recognition',
  'hacktoberfest',
  'python',
  'machine-learning',
  'deep-learning'],
 ['programming-language', 'language', 'go', 'golang'],
 ['android',
  'app-framework',
  'ios',
  'mobile',
  'mobile-development',
  'react-native',
  'cross-platform',
  'react'],
 ['leetcode',
  'algorithms',
  'interview-questions',
  'data-structures',
  'kmp',
  'dynamic-programming',
  'computer-science',
  'dynamic-programming-algorithm'],
 ['tutorial',
  'project',
  'beginner-project',
  'webdevelopment',
  'python',
  'javascript',
  'cpp',
  'golang'],
 ['golang',
  'golang-library',
  'go',
  'awesome',
  'awesome-list',
  'hacktoberfest'],
 ['awesome',
  'awesome-list',
  'lists',
  'manuals',
  'resources',
  'howtos',
  'hacks',
  'search-engines',
  'one-liners',
  'cheatsheets',
  'guidelines',
  'sysops',
  'devops',
  'pentesters',
  'security-researchers',
  'linux',
  'bsd',
  'security',
  'hacking'],
 ['b3d', 'animation', '3d', 'modeling', 'computer-graphics', 'rendering'],
 ['database',
  'android',
  'ios',
  'wechat',
  'sqlcipher',
  'sqlite',
  'windows',
  'linux',
  'macos'],
 [],
 ['image', 'imagemagick', 'convert', 'magick', 'resize', 'hacktoberfest'],
 ['c', 'opengl', 'glsl', 'sqlite', 'minecraft', 'game', 'multiplayer'],
 ['networking', 'server', 'turn'],
 ['php', 'redis', 'redis-cluster', 'c', 'cluster'],
 [],
 [],
 ['websocket',
  'mqtt',
  'embedded',
  'webserver',
  'web-server',
  'iot',
  'http',
  'tcp',
  'udp'],
 ['time-series-database',
  'postgresql',
  'time-series',
  'sql',
  'postgres',
  'tsdb',
  'iot',
  'financial-analysis',
  'analytics',
  'timescaledb',
  'database',
  'hacktoberfest'],
 ['email',
  'mail',
  'electron',
  'osx',
  'windows',
  'linux',
  'electron-app',
  'imap'],
 ['video-transcoding', 'multi-platform', 'gplv2'],
 [],
 ['algorithms',
  'data-structures',
  'datastructures',
  'c',
  'algorithm-challenges',
  'algorithm-competitions',
  'education',
  'learn-to-code',
  'interview-questions',
  'interview',
  'community-driven',
  'mathematics',
  'sort',
  'educational',
  'machine-learning-algorithms',
  'machine-learning',
  'computer-science',
  'search'],
 ['raylib',
  'c',
  'videogames',
  'programming',
  'opengl',
  'android',
  'embedded',
  'iot',
  'graphics',
  'wasm',
  'raspberry-pi',
  'linux',
  'game-engine',
  'webassembly',
  'gamedev',
  'game-development',
  'hacktoberfest'],
 ['kcp',
  'udp',
  'arq',
  'quic',
  'protocol',
  'srt',
  'rtc',
  'low-latency',
  'c',
  'ack',
  'accelerator',
  'tunnel',
  'kcptun',
  'rtt',
  'socket'],
 ['file-manager',
  'disk-usage',
  'terminal',
  'command-line',
  'file-preview',
  'batch-rename',
  'cli',
  'vim',
  'c',
  'productivity',
  'launcher',
  'raspberry-pi',
  'multi-platform',
  'filesystem',
  'ncurses',
  'wsl',
  'tui',
  'file-search',
  'android',
  'developer-tools'],
 ['terminal',
  'telnet',
  'ssh',
  'serial',
  'shell',
  'client',
  'sftp',
  'windows',
  'linux',
  'bash',
  'x11',
  'zmodem',
  'mac',
  'cmd',
  'powershell',
  'xmodem',
  'ymodem',
  'xterm',
  'wsl',
  'console'],
 ['keyboard-firmware',
  'c',
  'olkb',
  'ergodox-ez',
  'clueboard',
  'qmk',
  'keyboard-support',
  'c-plus-plus',
  'atmel-avr',
  'hacktoberfest'],
 ['huawei',
  'harmonyos',
  'os',
  'operating-system',
  'iot',
  'iot-platform',
  'awesome',
  'architecture',
  'kernel'],
 ['hashcat', 'password', 'cracking', 'gpgpu', 'opencl', 'c', 'hashes', 'cuda'],
 ['radare2',
  'c',
  'commandline',
  'reverse-engineering',
  'forensics',
  'security',
  'binary-analysis',
  'malware-analysis',
  'disassembler',
  'hacktoberfest'],
 ['micropython', 'python', 'embedded', 'microcontroller'],
 [],
 [],
 [],
 [],
 [],
 [],
 ['arduino', 'esp-idf', 'platformio', 'esp32'],
 ['c', 'vlc', 'multimedia', 'framework', 'open-source', 'gplv2', 'lgpl'],
 [],
 [],
 ['systemd', 'c', 'linux', 'init', 'services', 'system'],
 ['vulkan', 'opengl', 'c', 'linux', 'macos', 'windows', 'unix', 'opengl-es'],
 ['rofi',
  'dmenu',
  'dmenu-replacement',
  'application-launcher',
  'window-switcher',
  'c',
  'i3',
  'x11',
  'linux'],
 ['cloud-storage',
  'file-sync',
  'file-sharing',
  'wiki',
  'markdown',
  'knowledge-management',
  'document-management'],
 ['crypto', 'cryptography', 'c'],
 ['webui',
  'webkit',
  'c',
  'single-header-lib',
  'webview',
  'cross-platform',
  'cpp',
  'gtk',
  'gui',
  'library',
  'web',
  'webview2',
  'css',
  'html',
  'javascript'],
 [],
 ['kernel'],
 [],
 [],
 ['pdf', 'pdf-viewer', 'win32', 'c-plus-plus', 'c'],
 [],
 [],
 ['audio', 'editor', 'cross-platform', 'wxwidgets-applications', 'gplv2'],
 ['vpn-tunnel',
  'vpn-protocols',
  'softether-vpn',
  'vpn',
  'vpn-server',
  'ssl-vpn',
  'softethervpn',
  'openvpn',
  'l2tp',
  'ipsec',
  'ike',
  'sstp',
  'l2tpv3',
  'etherip',
  'tls',
  'wfh',
  'work-from-home',
  'wireguard'],
 ['c', 'cross-platform', 'async', 'networking'],
 ['wifi',
  'arduino',
  'attack',
  'esp8266',
  'deauth',
  'hack',
  'deauther',
  'board',
  'scanning',
  'hacktoberfest'],
 [],
 [],
 ['raspberry-pi',
  'linux-kernel',
  'osdev',
  'arm',
  'operating-system',
  'raspberry-pi-3',
  'armv8',
  'kernel',
  'tutorial',
  'c',
  'assembler',
  'education',
  'resource',
  'raspberry-pi-os',
  'learn'],
 ['tengine', 'nginx', 'ingress', 'http3', 'quic'],
 [],
 ['git', 'c', 'ncurses', 'tui'],
 [],
 [],
 ['audio', 'driver', 'macos', 'loopback', 'virtual-audio-cable'],
 ['cache', 'database', 'key-value', 'message-broker', 'nosql', 'redis'],
 ['android',
  'c',
  'sdl2',
  'libav',
  'ffmpeg',
  'screen',
  'mirroring',
  'recording'],
 [],
 ['ffmpeg',
  'video',
  'audio',
  'c',
  'mpeg',
  'webm',
  'mp4',
  'matroska',
  'hls',
  'rtsp',
  'rtmp',
  'hevc',
  'fft',
  'multimedia',
  'streaming'],
 ['monitoring',
  'docker',
  'statsd',
  'kubernetes',
  'cncf',
  'prometheus',
  'netdata',
  'devops',
  'observability',
  'alerting',
  'influxdb',
  'grafana',
  'data-visualization',
  'database',
  'linux',
  'machine-learning',
  'mysql',
  'postgresql',
  'mongodb',
  'raspberry-pi'],
 ['c', 'shell', 'hacktoberfest'],
 [],
 ['ijkplayer', 'android', 'ios', 'video', 'player', 'ffmpeg'],
 [],
 [],
 ['lede', 'lua', 'openwrt-package', 'openwrt-zh-cn', 'openwrt-feed'],
 ['cryptography', 'openssl', 'encryption', 'tls', 'ssl', 'decryption'],
 ['iot',
  'bigdata',
  'time-series',
  'database',
  'industrial-iot',
  'connected-vehicles',
  'monitoring',
  'tsdb',
  'tdengine',
  'sql',
  'time-series-database',
  'scalability',
  'cluster',
  'metrics',
  'financial-analysis',
  'cloud-native',
  'distributed'],
 ['openai',
  'speech-to-text',
  'transformer',
  'whisper',
  'inference',
  'speech-recognition'],
 [],
 ['mpv',
  'mplayer',
  'c',
  'ffmpeg',
  'libav',
  'audio',
  'video',
  'multimedia',
  'hacktoberfest'],
 ['jq'],
 ['asynchronous',
  'io',
  'networking',
  'unix',
  'windows',
  'velociraptors',
  'unicorns',
  'deep-io'],
 ['usb',
  'iso',
  'bootable-drives',
  'mbr',
  'uefi',
  'bios',
  'boot',
  'windows',
  'syslinux',
  'freedos',
  'grub',
  'grub4dos',
  'sha1',
  'sha256',
  'md5',
  'gpt',
  'windows-to-go',
  'persistence',
  'secure-boot',
  'rufus'],
 ['command-line-tool', 'c', 'silver-searcher', 'pcre', 'ag', 'search-in-text'],
 ['c',
  'rdp',
  'remote-desktop',
  'freerdp',
  'library',
  'android',
  'rdp-client',
  'rdp-connection',
  'sdl',
  'wayland-client',
  'x11'],
 [],
 ['dpi',
  'deep-packet-inspection',
  'censorship-circumvention',
  'anticensorship'],
 ['security', 'vpn'],
 ['openzfs', 'system-software', 'file-system'],
 [],
 [],
 ['postgresql', 'postgresql-driver', 'node-postgres', 'postgres', 'libpq'],
 ['service-worker',
  'progressive-web-app',
  'offline-first',
  'service-workers',
  'sw-precache',
  'sw-toolbox'],
 ['tooltip', 'popover', 'menu', 'combobox', 'dropdown', 'popup'],
 ['nlp', 'part-of-speech', 'named-entity-recognition'],
 [],
 ['react',
  'autocomplete',
  'combobox',
  'autoselect',
  'select',
  'autosuggest',
  'multiselect',
  'dropdown',
  'accessible',
  'wai-aria'],
 ['javascript',
  'localstorage',
  'cross-browser',
  'plugins',
  'storage',
  'store-json',
  'serialization'],
 ['git',
  'github',
  'history',
  'commit',
  'blame',
  'animation',
  'text',
  'log',
  'cli',
  'vscode',
  'vscode-extension'],
 [],
 [],
 ['javascript', 'typescript', 'protobuf', 'serialization', 'protocol-buffers'],
 [],
 [],
 [],
 ['jsx', 'babel', 'babel-plugin', 'tagged-template', 'virtual-dom'],
 [],
 ['ctf', 'awesome', 'security', 'penetration'],
 [],
 ['aws',
  'infrastructure-as-code',
  'typescript',
  'cloud-infrastructure',
  'hacktoberfest'],
 ['antd', 'react', 'mock', 'admin', 'dashboard'],
 ['gekko', 'trading-bot', 'trading-strategies', 'bitcoin', 'exchange'],
 ['chart',
  'd3',
  'graphics',
  'data-visualization',
  'svg',
  'graph',
  'interactive-visualizations'],
 [],
 ['colors',
  'color-manipulation',
  'color-conversion',
  'javascript-library',
  'chroma',
  'coffeescript',
  'manipulate-colors'],
 [],
 [],
 [],
 ['flowchart',
  'diagrams',
  'javascript',
  'javascript-library',
  'minimal',
  'engine',
  'drag-and-drop',
  'zapier',
  'marketing',
  'marketing-automation'],
 ['javascript',
  'store',
  'storefront',
  'ecommerce',
  'databaseless',
  'serverless',
  'no-database'],
 [],
 [],
 [],
 [],
 [],
 ['game',
  '4x',
  '4x-strategy-game',
  'civilization',
  'browser-game',
  'online',
  'online-game',
  'strategy-game'],
 [],
 [],
 ['ionic', 'ionic-framework', 'angularjs'],
 [],
 ['javascript', 'velocity'],
 [],
 [],
 ['mithril', 'material-design', 'javascript', 'react'],
 ['jfinal', 'beetl', 'mysql', 'javaweb', 'cms'],
 ['javascript',
  'astronomy',
  'meteor',
  'schema',
  'model',
  'mvc',
  'validation',
  'mongodb'],
 [],
 [],
 ['carousel', 'javascript', 'swipe'],
 [],
 [],
 ['theming', 'react', 'css-modules', 'themr', 'react-toolbox'],
 [],
 ['koa2', 'rails', 'nodejs', 'webpack', 'blog'],
 [],
 [],
 [],
 [],
 ['nodelist', 'js', 'javascript', 'web', 'webdevelopment'],
 ['javascript', 'importjs', 'vim', 'emacs', 'sublime', 'atom', 'vscode'],
 [],
 [],
 [],
 ['tap', 'pointer-events', 'touch', 'touch-events', 'delay'],
 ['react', 'react-storybook', 'react-storybook-addons', 'readme', 'storybook'],
 [],
 [],
 ['angular', 'html', 'notifications', 'javascript', 'bootstrap', 'bootstrap3'],
 [],
 [],
 ['pull-to-refresh', 'pulltorefresh', 'javascript', 'web', 'app'],
 ['jquery', 'javascript'],
 ['isomorphic',
  'ruby',
  'rails',
  'react',
  'webpacker',
  'yarn',
  'webpack',
  'opal',
  'opal-framework'],
 ['yarn', 'npm', 'package-manager', 'javascript'],
 [],
 ['immutable', 'immutables', 'reducer', 'redux', 'state-tree'],
 ['javascript', 'api', 'neteasecloud', 'cloudmusic', 'nodejs', 'apis'],
 ['jquery'],
 [],
 ['video',
  'player',
  'hls',
  'javascript',
  'videojs',
  'html',
  'html5-video',
  'html5-audio',
  'html5',
  'dash'],
 ['ai',
  'gpt-4',
  'openai',
  'python',
  'artificial-intelligence',
  'autonomous-agents'],
 [],
 ['chrome-extension',
  'chrome-extensions',
  'bypass',
  'paywall',
  'chrome',
  'bypass-paywalls',
  'firefox-addon',
  'firefox',
  'firefox-extension'],
 [],
 ['node-red', 'javascript', 'low-code', 'openjs-foundation'],
 ['mpvue', 'vue', 'wxmp', 'weapp', 'mini'],
 ['wepy', 'weapp'],
 ['proposal',
  'polyfill',
  'shim',
  'es6',
  'promise',
  'weakmap',
  'es7',
  'es2015',
  'esnext',
  'symbol',
  'ponyfill',
  'es2019',
  'javascript',
  'js',
  'ecmascript-proposals',
  'proposals'],
 ['react',
  'react-components',
  'windowing',
  'virtualization',
  'list',
  'grid',
  'listview',
  'tabular-data',
  'performance'],
 [],
 ['localforage',
  'localstorage',
  'javascript',
  'offline',
  'storage',
  'indexeddb',
  'websql'],
 [],
 ['react', 'helmet', 'side-effect'],
 [],
 [],
 ['redis', 'celery'],
 [],
 [],
 ['python', 'magic-extension', 'jupyter', 'ipython'],
 ['programming-languages', 'reddit', 'social', 'fun'],
 [],
 [],
 [],
 ['altcoin',
  'api',
  'arbitrage',
  'bitcoin',
  'bot',
  'cryptocurrency',
  'crypto',
  'e-commerce',
  'ethereum',
  'exchange',
  'invest',
  'library',
  'strategy',
  'trading',
  'btc',
  'eth',
  'trade',
  'merchant',
  'market-data',
  'cryptocurrencies'],
 ['natural-language-processing',
  'data-science',
  'machine-learning',
  'python',
  'cython',
  'nlp',
  'artificial-intelligence',
  'ai',
  'spacy',
  'nlp-library',
  'neural-network',
  'neural-networks',
  'deep-learning',
  'named-entity-recognition',
  'entity-linking',
  'text-classification',
  'tokenization'],
 [],
 [],
 ['pytorch',
  'imagenet-classifier',
  'resnet',
  'dual-path-networks',
  'cnn-classification',
  'pretrained-models',
  'pretrained-weights',
  'distributed-training',
  'mobile-deep-learning',
  'mobilenet-v2',
  'mnasnet',
  'mobilenetv3',
  'efficientnet',
  'augmix',
  'randaugment',
  'mixnet',
  'efficientnet-training',
  'vision-transformer-models',
  'nfnets',
  'normalization-free-training'],
 ['python',
  'machine-learning',
  'data-science',
  'deep-learning',
  'data-visualization',
  'streamlit',
  'data-analysis',
  'developer-tools'],
 ['python', 'django', 'api', 'rest'],
 ['linkedin',
  'quiz-questions',
  'answers',
  'assessment',
  'quiz',
  'linkedin-questions',
  'hacktoberfest',
  'hacktoberfest2020',
  'exam',
  'skills',
  'hacktoberfest2021',
  'golang',
  'english',
  'france',
  'german',
  'hacktoberfest2022',
  'hacktoberfest2023'],
 [],
 ['deep-learning', 'instruction-following', 'language-model'],
 ['unity',
  'python',
  'face-detection',
  'face-landmark-detection',
  'face-pose',
  'vtuber',
  'gaze-estimation',
  'pytorch',
  'dlib',
  'unity-chan',
  'vrm'],
 [],
 ['python',
  'python-3',
  'python-2',
  'framework',
  'webframework',
  'web',
  'microframework',
  'fullstack'],
 ['nengo', 'python', 'neuroscience', 'neural-networks'],
 ['bert', 'keras', 'tensorflow', 'transformer'],
 [],
 ['3d-human-pose',
  'human-pose-estimation',
  'pytorch',
  'iccv2019',
  'deep-learning',
  'computer-vision'],
 ['python', 'game', 'cli'],
 [],
 [],
 [],
 ['nlp',
  'machine-learning',
  'machine-learning-library',
  'bot',
  'bots',
  'botkit',
  'rasa',
  'wit',
  'nlu',
  'conversational-bots',
  'conversational-agents',
  'conversational-ai',
  'spacy',
  'mitie',
  'chatbot',
  'chatbots',
  'chatbots-framework',
  'bot-framework',
  'natural-language-processing',
  'conversation-driven-development'],
 ['python', 'luigi', 'orchestration-framework', 'scheduling', 'hadoop'],
 ['chromium',
  'inox',
  'iridium',
  'privacy',
  'control',
  'transparency',
  'google-chromium'],
 ['nlp',
  'pre-trained-model',
  'unilm',
  'minilm',
  'layoutlm',
  'layoutxlm',
  'beit',
  'document-ai',
  'trocr',
  'beit-3',
  'foundation-models',
  'xlm-e',
  'deepnet',
  'llm',
  'multimodal',
  'mllm',
  'kosmos',
  'kosmos-1',
  'textdiffuser'],
 ['reddit', 'python', 'javascript'],
 ['python', 'crawler'],
 ['machine-learning',
  'machine-translation',
  'deep-learning',
  'reinforcement-learning',
  'tpu'],
 ['osint', 'google', 'hideandsec'],
 [],
 [],
 ['python', 'cpp', 'compiler', 'python-compiler', 'python-implementation'],
 ['deep-learning',
  'conditional-random-fields',
  'pathology',
  'whole-slide-imaging',
  'camelyon16'],
 [],
 [],
 [],
 [],
 ['python', 'django', 'friendship'],
 [],
 ['python',
  'pypi',
  'scraper',
  'scraping',
  'terminal',
  'command-line',
  'commandline-tool'],
 ['pseudo', 'translation', 'python-compiler', 'transpiler'],
 [],
 ['image-augmentation',
  'machine-learning',
  'augmentation',
  'deep-learning',
  'images',
  'affine-transformation',
  'polygon',
  'heatmap',
  'segmentation-maps',
  'keypoints',
  'bounding-boxes',
  'augment-images',
  'crop',
  'contrast'],
 ['image-restoration',
  'old-photo-restoration',
  'generative-adversarial-network',
  'gans',
  'pytorch',
  'image-manipulation',
  'photo-restoration',
  'photos'],
 ['wechat', 'weixin', 'api'],
 ['python',
  'ipython',
  'jupyter',
  'jupyter-notebook',
  'data-science',
  'data-analysis',
  'data-mining',
  'machine-learning',
  'visualization',
  'data-visualization',
  'computing',
  'numerical-computation'],
 ['finance',
  'financial-data',
  'stock-data',
  'awesome',
  'awesome-list',
  'quantitative-finance',
  'quant',
  'quantitative-trading',
  'yahoo-finance',
  'finance-api',
  'google-finance',
  'trading-strategies',
  'financial-instruments',
  'trading-algorithms',
  'algotrading',
  'algorithmic-trading-engine',
  'algorithmic-trading-library',
  'technical-analysis',
  'trading-bot',
  'arbitrage-bot'],
 [],
 [],
 [],
 ['bert',
  'natural-language-processing',
  'search-engine',
  'elasticsearch',
  'machine-learning'],
 [],
 [],
 [],
 ['terminal-emulators',
  'opengl',
  'terminfo',
  'vt100',
  'python',
  'c',
  'terminal',
  'kitty',
  'kitty-terminal',
  'go',
  'golang',
  'golang-application'],
 ['jumpserver',
  'python',
  'ssh-server',
  'django',
  'coco',
  'luna',
  'terminal',
  'web-terminal',
  'bastion-host'],
 ['python',
  'robotics',
  'algorithm',
  'path-planning',
  'control',
  'animation',
  'localization',
  'slam',
  'cvxpy',
  'ekf',
  'autonomous-vehicles',
  'autonomous-driving',
  'mapping',
  'autonomous-navigation',
  'robot',
  'hacktoberfest'],
 ['python',
  'task-manager',
  'task-scheduler',
  'task-runner',
  'queue-workers',
  'queued-jobs',
  'queue-tasks',
  'amqp',
  'redis',
  'sqs',
  'sqs-queue',
  'python3',
  'python-library',
  'redis-queue'],
 ['face-recognition',
  'face-detection',
  'mxnet',
  'face-alignment',
  'age-estimation',
  'arcface',
  'retinaface',
  'pytorch',
  'oneflow',
  'paddlepaddle'],
 ['paper'],
 ['cpp', 'cpp11', 'cpp14', 'cpp17', 'cpp20'],
 ['linux-desktop',
  'desktop-environment',
  'freeware-icon',
  'oss-icon',
  'icon-theme',
  'free',
  'applications',
  'cross-platform',
  'ubuntu-linux',
  'awesome-list',
  'software',
  'tools',
  'linux-resource',
  'linux-app',
  'cli-app',
  'gui-app',
  'open-source',
  'linux'],
 ['python',
  'algorithm',
  'algorithms-implemented',
  'algorithm-competitions',
  'algos',
  'sorts',
  'searches',
  'sorting-algorithms',
  'education',
  'learn',
  'practice',
  'community-driven',
  'interview',
  'hacktoberfest'],
 ['nlp',
  'natural-language-processing',
  'pytorch',
  'language-model',
  'tensorflow',
  'bert',
  'language-models',
  'pytorch-transformers',
  'nlp-library',
  'transformer',
  'model-hub',
  'pretrained-models',
  'jax',
  'flax',
  'seq2seq',
  'speech-recognition',
  'hacktoberfest',
  'python',
  'machine-learning',
  'deep-learning'],
 ['python', 'shell'],
 ['ocr', 'crnn', 'ocrlite', 'db', 'chineseocr'],
 ['chatgpt',
  'language-model',
  'rlhf',
  'ai',
  'assistant',
  'discord-bot',
  'machine-learning',
  'nextjs',
  'python'],
 [],
 [],
 ['deep-learning',
  'diffusion',
  'image-generation',
  'image2image',
  'img2img',
  'text2image',
  'txt2img',
  'ai',
  'ai-art',
  'gradio',
  'pytorch',
  'stable-diffusion',
  'torch',
  'upscaling',
  'web',
  'unstable'],
 ['programming',
  'development',
  'design',
  'design-system',
  'system',
  'design-patterns',
  'web',
  'web-application',
  'webapp',
  'python',
  'interview',
  'interview-questions',
  'interview-practice'],
 ['deep-learning'],
 [],
 ['dragonchain', 'blockchain', 'interchain', 'python3', 'docker'],
 [],
 [],
 [],
 ['computer-vision',
  'artificial-intelligence',
  'pose-tracking',
  'pose-estimation',
  'visual-object-tracking'],
 ['oslash', 'monads', 'python', 'functors', 'monad-tutorial'],
 [],
 ['cli', 'data-science'],
 [],
 [],
 ['webview',
  'agentweb-android-webview',
  'webview-agentweb-web',
  'cookie',
  'android-webview',
  'wechat-pay',
  'hybrid'],
 ['okhttp', 'okgo', 'restful', 'rxjava', 'rxjava2', 'http'],
 ['java',
  'android',
  'database',
  'mobile',
  'realtime-database',
  'mobile-database',
  'nosql-database'],
 ['animation', 'android', 'loading', 'indicator'],
 ['android', 'gcssloop', 'notes', 'custom-view', 'android-studio'],
 [],
 ['android', 'java'],
 [],
 ['android', 'android-library', 'permissions'],
 ['soa', 'dubbo', 'elasticsearch', 'ssm', 'redis', 'mq', 'shiro', 'vue'],
 ['python', 'java', 'big-data', 'beam', 'batch', 'golang', 'sql', 'streaming'],
 ['java', 'java-library'],
 ['dex',
  'classyshark',
  'jar',
  'android',
  'java',
  'apk',
  'apk-parser',
  'kotlin',
  'analysis',
  'multidex'],
 [],
 [],
 ['chart', 'android'],
 ['flyway',
  'java',
  'database-migrations',
  'java-library',
  'continuous-delivery',
  'devops',
  'sql',
  'continuous-deployment',
  'database',
  'database-deployment',
  'database-administration',
  'database-management',
  'mysql',
  'postgresql',
  'sqlserver',
  'db2',
  'aurora',
  'mariadb',
  'redgate'],
 [],
 ['android',
  'android-library',
  'android-development',
  'android-developers',
  'android-book',
  'android-open-source',
  'websites',
  'android-game',
  'twitter',
  'android-studio',
  'kotlin-android',
  'android-apps',
  'android-tests',
  'sample-android'],
 [],
 ['otp',
  'totp',
  'hotp',
  'android',
  'secure',
  'encryption',
  'fingerprint',
  '2fa',
  'authenticator',
  'hacktoberfest'],
 ['storm', 'apache', 'distributed', 'streaming'],
 ['mapstruct',
  'java',
  'annotation-processor',
  'mapping',
  'javabeans',
  'no-reflection',
  'bean-mapping'],
 ['ci',
  'cd',
  'gocd',
  'ci-cd',
  'continuous-integration',
  'continuous-delivery-server',
  'continuous-delivery',
  'infrastructure-as-code',
  'continuous-deployment',
  'continuous-testing'],
 [],
 ['wheelview',
  'picker',
  'datepicker',
  'address',
  'citypicker',
  'wheelpicker',
  'timepicker',
  'calendarpicker',
  'addresspicker',
  'optionpicker',
  'numbpicker',
  'colorpicker',
  'filepicker',
  'imagepicker'],
 ['react-native', 'android', 'ios', 'push-notifications'],
 ['android',
  'plugin',
  'droid-plugin',
  'virtualization',
  'hook',
  'pluginframework'],
 [],
 ['graph',
  'visualization',
  'opengl',
  'interactive',
  'graph-analytics',
  'java'],
 ['springcloud', 'springboot', 'java'],
 ['android', 'reverse-tethering', 'vpn', 'java-8', 'rust'],
 ['javafx', 'minecraft-launcher', 'minecraft'],
 [],
 ['infinite-scroll',
  'viewpager',
  'cards',
  'android',
  'library',
  'ui',
  'devlight',
  'cycle'],
 [],
 [],
 ['react-native',
  'splash-screen',
  'android',
  'splashscreen',
  'ios',
  'react-native-splashscreen',
  'launchimage'],
 ['material',
  'feature-discovery',
  'android',
  'material-design',
  'ui',
  'material-components'],
 ['telegram',
  'foss',
  'android',
  'anti-censorship',
  'v2ray',
  'shadowsocks',
  'shadowsocksr',
  'trojan-gfw'],
 ['android',
  'nosql',
  'database',
  'java',
  'kotlin',
  'mobile',
  'edge',
  'sustainable',
  'sqlite',
  'embedded',
  'sync'],
 [],
 ['hacktoberfest', 'java', 'json', 'public-domain', 'hackoberfest2023'],
 [],
 ['android',
  'hotfix',
  'robust',
  'gradle',
  'hotpatch',
  'reproguard',
  'dynamic'],
 [],
 ['android', 'android-ui', 'android-animation'],
 ['qr-code',
  'qr-generator',
  'c-plus-plus',
  'java',
  'python',
  'javascript',
  'qr',
  'library',
  'c',
  'rust',
  'typescript'],
 ['java',
  'distributed-systems',
  'message-queue',
  'redis',
  'distributed-search-engine',
  'high-availability',
  'high-concurrency',
  'dubbo',
  'zookeeper',
  'rpc',
  'elasticsearch',
  'hystrix',
  'spring-cloud',
  'microservices-architecture',
  'ribbon',
  'feign',
  'eureka',
  'springcloud-config',
  'doocs',
  'advanced-java'],
 ['rocketmq',
  'cloud-native',
  'eventing',
  'java',
  'messaging',
  'streaming',
  'hacktoberfest'],
 ['java', 'android'],
 ['framework', 'spring', 'spring-framework'],
 ['sql', 'mybatis', 'java'],
 [],
 ['android',
  'app',
  'bar',
  'cache',
  'encode',
  'encrypt',
  'file',
  'fragment',
  'log',
  'network',
  'permission',
  'regex',
  'snackbar',
  'spannable-string',
  'toast',
  'utils',
  'thread-pool',
  'reflect',
  'androidx',
  'eventbus'],
 ['dubbo',
  'distributed-systems',
  'framework',
  'java',
  'microservices',
  'restful',
  'rpc',
  'grpc',
  'http',
  'service-mesh',
  'web'],
 ['guava', 'java'],
 ['android', 'terminal', 'termux', 'linux', 'hacktoberfest'],
 ['luban', 'android', 'image-compression'],
 [],
 [],
 [],
 ['zookeeper',
  'database',
  'hacktoberfest',
  'java',
  'apache',
  'consensus',
  'coordination',
  'zab',
  'key-value',
  'distributed-database',
  'distributed-systems',
  'service-discovery',
  'configuration-management',
  'distributed-configuration'],
 ['mybatis-plugin', 'mybatis'],
 ['android',
  'java',
  'log',
  'logger',
  'logcat',
  'pretty-printer',
  'timber',
  'json-logging'],
 ['android', 'dynamic', 'hotfix', 'wechat'],
 ['android',
  'android-tv',
  'android-tv-box',
  'java',
  'rxjava-android',
  'retrofit2',
  'kotlin'],
 ['spring-cloud',
  'spring-boot',
  'hystrix',
  'finchley',
  'hystrix-dashboard',
  'ribbon',
  'eureka',
  'hystrix-turbine',
  'zuul',
  'feign',
  'sleuth',
  'consul',
  'gateway',
  'spring',
  'springbootadmin'],
 ['java',
  'spring-boot',
  'springboot',
  'springframework',
  'mybatis',
  'spring-security-jwt',
  'jwt',
  'spring-security',
  'spring',
  'springcloud'],
 [],
 [],
 [],
 [],
 ['hudi',
  'apachehudi',
  'datalake',
  'bigdata',
  'apachespark',
  'incremental-processing',
  'stream-processing',
  'data-integration',
  'apacheflink'],
 [],
 ['iceberg', 'apache', 'hacktoberfest'],
 ['ijpay', 'alipay', 'wxpay', 'weixin', 'payment', 'pay', 'jpay'],
 ['android-library', 'deprecated'],
 [],
 ['android', 'ios', 'plugin', 'cross-platform', 'hotfix'],
 ['android',
  'recyclerview',
  'drag-and-drop',
  'swipe',
  'expandable',
  'header',
  'footer'],
 ['groovy',
  'jvm-languages',
  'programming-language',
  'metaprogramming',
  'functional-programming',
  'dynamic-typing',
  'static-typing',
  'compiler',
  'apache'],
 [],
 ['podcast-manager', 'android', 'apps', 'hacktoberfest', 'podcasting20'],
 ['reliable', 'flexible', 'fast', 'powerful', 'filedownloader'],
 [],
 [],
 [],
 ['symbolic-regression',
  'julia',
  'symbolic-computation',
  'machine-learning',
  'automl',
  'sciml',
  'interpretable-ml'],
 ['transformer',
  'natural-language-processing',
  'deep-learning',
  'attention',
  'nlp',
  'flux',
  'machine-learning'],
 ['dash',
  'plotly',
  'julia',
  'dashboard',
  'data-visualization',
  'data-science',
  'gui-framework',
  'react',
  'finance',
  'bioinformatics',
  'technical-computing',
  'charting',
  'plotly-dash',
  'web-app',
  'productivity',
  'no-javascript',
  'modeling',
  'no-vba'],
 [],
 ['julia', 'interpolation', 'grid', 'splines'],
 ['julia',
  'literate-programming',
  'documentation-tool',
  'documentation-generator',
  'documentation'],
 [],
 ['differential-equations',
  'ode',
  'dae',
  'ordinary-differential-equations',
  'pde',
  'sde',
  'dde',
  'stochastic-differential-equations',
  'delay-differential-equations',
  'julia',
  'symbolic',
  'symbolic-computation',
  'symbolic-numerics',
  'computer-algebra',
  'sciml',
  'scientific-machine-learning',
  'optimization',
  'nonlinear-programming',
  'acausal',
  'equation-based'],
 ['julia-language', 'julia', 'statistics', 'machine-learning'],
 ['julia', 'statistics', 'data-science', 'probability-distributions'],
 ['developer-tools', 'productivity-booster', 'jit', 'reloading'],
 ['optim',
  'julia',
  'optimization',
  'unconstrained-optimization',
  'unconstrained-optimisation',
  'optimisation'],
 ['website-generation',
  'markdown-parser',
  'latex',
  'julia-language',
  'katex',
  'ssg',
  'highlight'],
 ['julia', 'cuda', 'gpu', 'hacktoberfest'],
 ['alphazero', 'julia', 'machine-learning', 'deep-learning'],
 ['python', 'awesome-list'],
 [],
 ['machine-learning',
  'julia',
  'pipelines',
  'tuning',
  'data-science',
  'tuning-parameters',
  'predictive-modeling',
  'classification',
  'regression',
  'statistics',
  'clustering',
  'stacking',
  'ensemble-learning',
  'pipeline'],
 ['packagecompiler', 'julia'],
 [],
 ['julia', 'plotting', 'visualization', 'julia-language', 'hacktoberfest'],
 ['julia',
  'data-frame',
  'datasets',
  'data',
  'tabular-data',
  'hacktoberfest',
  'dataframes'],
 ['julia',
  'awesome-list',
  'programming-language',
  'scientific-computing',
  'computer-science',
  'programming',
  'julia-language',
  'julialang',
  'agplv3',
  'collection',
  'resources',
  'awesome-lists'],
 ['julia',
  'julia-compiler',
  'control-flow',
  'gradient',
  'machine-learning',
  'automatic-differentiation'],
 ['probabilistic-programming',
  'gen',
  'deep-learning',
  'bayesian',
  'computer-vision',
  'machine-learning',
  'differentiable-programming',
  'robotics',
  'julia-language'],
 ['algorithms',
  'machine-learning',
  'optimization',
  'sorting',
  'quine',
  'julia',
  'reinforcement-learning',
  'decision-making-under-uncertainty',
  'regression',
  'neural-network'],
 ['julia', 'python', 'interoperability', 'numpy'],
 ['machine-learning', 'deep-learning', 'julia', 'model-zoo', 'flux'],
 ['julia',
  'literate-programming',
  'reproducible-research',
  'scientific-reports',
  'scientific-workflows'],
 ['climate',
  'ocean',
  'fluid-dynamics',
  'julia',
  'gpu',
  'climate-change',
  'machine-learning',
  'data-assimilation'],
 ['quantum-computing',
  'quantum-algorithms',
  'quantum-information',
  'quantum-circuit',
  'machine-learning',
  'unitaryhack',
  'yao'],
 ['wrapper', 'gpu', 'julia', 'tensorflow', 'machine-learning'],
 ['differential-equations',
  'differentialequations',
  'neural-differential-equations',
  'scientific-ml',
  'scientific-ai',
  'partial-differential-equations',
  'ordinary-differential-equations',
  'neural-network',
  'neural-networks',
  'ode',
  'pde',
  'sciml',
  'scientific-machine-learning',
  'pinn',
  'machine-learning'],
 ['neural-ode',
  'neural-sde',
  'neural-pde',
  'neural-dde',
  'neural-differential-equations',
  'stiff-ode',
  'ordinary-differential-equations',
  'stochastic-differential-equations',
  'delay-differential-equations',
  'partial-differential-equations',
  'neural-networks',
  'differentialequations',
  'differential-equations',
  'scientific-ml',
  'scientific-ai',
  'neural-jump-diffusions',
  'neural-sdes',
  'scientific-machine-learning',
  'pinn',
  'physics-informed-learning'],
 ['julia', 'calculus', 'automatic-differentiation'],
 ['julia',
  'online-algorithms',
  'statistics',
  'big-data',
  'onlinestats',
  'stochastic-approximation',
  'streaming-data',
  'julia-language',
  'julialang'],
 ['julia', 'data-structures'],
 ['optimization',
  'local-optimization',
  'global-optimization',
  'automatic-differentiation',
  'algorithmic-differentiation',
  'sciml',
  'scientific-machine-learning',
  'hacktoberfest',
  'julia',
  'mixed-integer-programming',
  'nonlinear-optimization',
  'convex-optimization',
  'derivative-free-optimization'],
 [],
 [],
 ['pomdps',
  'markov-decision-processes',
  'julia',
  'artificial-intelligence',
  'control-systems',
  'reinforcement-learning',
  'reinforcement-learning-algorithms',
  'mdps',
  'python'],
 ['simulation-framework',
  'agent-based-modeling',
  'agent-based-simulation',
  'agent-based-framework',
  'abm',
  'heterogeneous-agent-model',
  'individual-based-modelling',
  'cellular-automata',
  'julialang',
  'hacktoberfest',
  'agents',
  'julia',
  'simulation',
  'complex-systems'],
 ['julia',
  'pdes',
  'partial-differential-equations',
  'finite-elements',
  'numerical-methods',
  'gridap'],
 ['julia', 'package-manager'],
 [],
 ['julia',
  'glm',
  'regression',
  'statistics',
  'statistical-models',
  'data-science'],
 ['julia', 'machine-learning'],
 ['tensor', 'notation', 'julia', 'einsum', 'automatic-differentiation'],
 [],
 ['unitful', 'units', 'units-of-measure', 'julia'],
 ['graphics',
  'vector-graphics',
  'drawing',
  'diagrams',
  'julia',
  'luxor',
  'cairo',
  'simple',
  '2d-graphics',
  'visualization',
  'turtle-graphics'],
 ['applied-category-theory',
  'string-diagrams',
  'wiring-diagrams',
  'julia',
  'category-theory',
  'compositionality'],
 [],
 ['benchmark', 'julia', 'julia-language'],
 ['julia', 'statistics', 'summarization', 'statistical-models'],
 [],
 ['julia-library', 'latex-maths', 'latex', 'ode', 'equation', 'julia'],
 [],
 ['julia', 'convex-optimization', 'solver'],
 [],
 ['julia', 'formatter', 'cst', 'formatting'],
 ['julia', 'partial-differential-equations', 'approximation'],
 ['julia', 'documentation', 'chinese-translation', 'localization', 'i18n'],
 ['julia',
  'quantum',
  'quantum-mechanics',
  'quantum-optics',
  'quantum-toolbox'],
 ['julia',
  'reinforcement-learning',
  'machine-learning',
  'deep-reinforcement-learning',
  'deep-q-network'],
 ['julia', 'image-processing'],
 ['physics',
  'mathematics',
  'dynamical-systems',
  'julia',
  'lyapunov',
  'dimension',
  'nonlinear',
  'chaos',
  'julialang',
  'entropy',
  'attractor',
  'nonlinear-dynamics',
  'delay-coordinates',
  'hacktoberfest'],
 ['juliadb', 'parallelism', 'julia'],
 ['documentation-tool', 'documentation-generator', 'julia'],
 ['cxx', 'julia', 'ffi', 'magic', 'clang'],
 [],
 ['julia',
  'graph',
  'lightgraphs',
  'graph-theory',
  'graph-generation',
  'graph-analytics',
  'graph-algorithms'],
 ['julia-repl', 'syntax-highlighting', 'rainbow-brackets'],
 [],
 ['science',
  'science-research',
  'project-management',
  'project-assistant',
  'simulations',
  'setup-tool',
  'hacktoberfest'],
 [],
 ['julia', 'plotting', 'visualization', 'julia-language', 'gpu', 'graphics'],
 ['julia',
  'reactive',
  'notebook',
  'interactive',
  'exploration',
  'visualization',
  'education',
  'pluto-notebooks',
  'designed-for-teachers'],
 ['webframework',
  'web',
  'mvc',
  'full-stack',
  'reactive',
  'orm',
  'vuejs',
  'low-code',
  'julia',
  'framework'],
 ['optimization',
  'julia',
  'modeling-language',
  'linear-programming',
  'mixed-integer-programming',
  'nonlinear-programming',
  'semidefinite-programming',
  'conic-programs',
  'mathematical-programming',
  'mathematical-modelling'],
 ['julia', 'graphics', 'plotting', 'ggplot2', 'gadfly', 'hacktoberfest'],
 ['julia-language',
  'julia',
  'scientific',
  'hpc',
  'numerical',
  'machine-learning',
  'programming-language',
  'science',
  'hacktoberfest',
  'julialang'],
 ['flux',
  'machine-learning',
  'neural-networks',
  'deep-learning',
  'data-science',
  'hacktoberfest2021',
  'hacktoberfest',
  'the-human-brain'],
 ['machine-learning',
  'probabilistic-programming',
  'julia-language',
  'artificial-intelligence',
  'bayesian-inference',
  'hamiltonian-monte-carlo',
  'turing',
  'bayesian-statistics',
  'mcmc',
  'hmc',
  'probabilistic-graphical-models',
  'probabilistic-models',
  'probabilistic-inference',
  'bayesian-neural-networks'],
 [],
 ['differential-equations',
  'differentialequations',
  'julia',
  'ode',
  'sde',
  'pde',
  'dae',
  'dde',
  'spde',
  'stochastic-processes',
  'stochastic-differential-equations',
  'delay-differential-equations',
  'partial-differential-equations',
  'differential-algebraic-equations',
  'dynamical-systems',
  'neural-differential-equations',
  'r',
  'python',
  'scientific-machine-learning',
  'sciml'],
 ['java', 'android', 'kotlin', 'graalvm'],
 ['android-architecture', 'android', 'samples'],
 ['android', 'kotlin', 'manga', 'hacktoberfest'],
 ['shadowsocks', 'android'],
 ['ssr',
  'v2ray',
  'shadowsocks',
  'fanqiang',
  'proxy',
  'goflyway',
  'daze',
  'brook',
  'lightsocks',
  'trojan',
  'psiphon'],
 ['android',
  'proxy',
  'socks5',
  'shadowsocks',
  'trojan',
  'v2ray',
  'v2fly',
  'xray',
  'vmess',
  'vless',
  'xtls',
  'vpn'],
 ['recyclerview',
  'recyclerview-adapter',
  'recyclerview-item-animation',
  'android',
  'android-library'],
 [],
 [],
 ['kotlin',
  'programming-language',
  'compiler',
  'gradle-plugin',
  'maven-plugin',
  'kotlin-library',
  'intellij-plugin'],
 ['kotlin', 'coroutines', 'async'],
 ['kotlin-language',
  'kotlin',
  'kotlin-android',
  'kotlin-extensions',
  'kotlin-library',
  'hacktoberfest'],
 ['kotlin', 'web-framework', 'asynchronous', 'async', 'web'],
 ['dialog',
  'progressbar',
  'toast',
  'seat',
  'shoppingview',
  'likeview',
  'java',
  'tools',
  'utils',
  'qrcode',
  'barcode',
  'sidebar',
  'netspeed',
  'alipay',
  'wxpay',
  'wechatpay',
  'share',
  'zip4j'],
 ['materialdrawer',
  'drawer',
  'java',
  'navigation-drawer',
  'android',
  'material-design',
  'drawerlayout',
  'android-library',
  'android-ui',
  'drawer-support',
  'material-ui',
  'material-components',
  'material-theme',
  'android-development',
  'mikepenz',
  'hacktoberfest'],
 ['android', 'android-library', 'recyclerview', 'animation', 'kotlin', 'java'],
 ['appintro',
  'slide',
  'custom-slides',
  'slide-policy',
  'material-design',
  'hacktoberfest'],
 ['java', 'kotlin', 'mirai', 'chatbot'],
 ['jetbrains-ides',
  'android-studio',
  'plugin',
  'translation',
  'translate',
  'intellij-plugin',
  'intellij',
  'translate-plugin',
  'deveco-studio'],
 [],
 ['dialogs',
  'android',
  'material-design',
  'alert',
  'kotlin',
  'androidx',
  'bottomsheets'],
 ['kotlin', 'architecture', 'coroutines', 'conference', 'android'],
 [],
 ['kotlin', 'android'],
 [],
 [],
 ['android', 'jetpack-compose'],
 [],
 ['flexbox', 'android', 'android-library'],
 [],
 [],
 [],
 ['kotlin', 'serialization', 'json', 'cbor', 'protobuf'],
 ['kotlin', 'samples'],
 ['verification',
  'chain-calls',
  'matcher',
  'argument-matchers',
  'kotlin',
  'mocking-framework',
  'mock',
  'testing',
  'tdd',
  'hacktoberfest'],
 ['optimizer',
  'android',
  'gradle-plugin',
  'bytecode-manipulation',
  'static-analysis'],
 ['keyboard', 'android', 'kotlin', 'kotlin-android', 'input-method'],
 ['intellij', 'rust', 'clion', 'hacktoberfest'],
 [],
 ['android', 'jetpack', 'library'],
 [],
 ['acra', 'crash-reports', 'android', 'android-developers'],
 ['kotlin',
  'android',
  'kotlin-coroutines',
  'clean-architecture',
  'mvvm',
  'android-application',
  'best-practices',
  'architecture',
  'jetpack',
  'gradle'],
 ['trakt',
  'android-application',
  'kotlin',
  'jetpack-compose',
  'kotlin-coroutines',
  'kotlin-multiplatform-mobile'],
 ['functional-programming',
  'kotlin-library',
  'monads',
  'functional-data-structure',
  'kotlin',
  'fp-types',
  'for-comprehension',
  'optics',
  'polymorphism',
  'typed-lambda-calculus',
  'typeclasses',
  'arrow',
  'delimited-continuations',
  'continuations',
  'kotlin-libraries',
  'coroutines',
  'kotlin-dsl',
  'hacktoberfest'],
 ['kotlin', 'android', 'youtube'],
 ['kotlin', 'lint', 'linter'],
 ['android', 'habits', 'habit-tracker', 'streak', 'java', 'kotlin'],
 ['civilization-v',
  'android',
  'libgdx',
  'civilization',
  'game',
  'civ',
  '4x',
  '4x-strategy-game',
  'strategy-game',
  'itch'],
 ['kotlin', 'kotlin-android', 'design-patterns', 'design'],
 ['ideavim',
  'intellij',
  'intellij-platform',
  'vim',
  'kotlin',
  'jb-official',
  'intellij-plugin',
  'jetbrains'],
 ['android',
  'kotlin',
  'kotlin-coroutines',
  'coroutines',
  'image-loader',
  'images',
  'okhttp',
  'okio',
  'androidx'],
 ['kotlin',
  'dependency-injection',
  'injection',
  'android',
  'kotlin-multiplatform',
  'kotlin-multiplatform-library'],
 [],
 ['android', 'email', 'communication'],
 ['spotify-downloader',
  'mp3',
  'youtube',
  'song-downloader',
  'album-downloader',
  'playlist-downloader',
  'metadata',
  'youtube-downloader',
  'music',
  'music-downloader',
  'spotify',
  'gaana',
  'gaana-downloader',
  'youtube-music',
  'albums',
  'android',
  'soundcloud',
  'desktop',
  'app'],
 ['kotlin-multiplatform', 'kotlin'],
 [],
 [],
 [],
 ['android', 'video-streaming', 'media-center'],
 ['kotlin', 'rxjava', 'networking', 'android', 'http-client', 'rest'],
 ['android',
  'architectural',
  'lessons-learned',
  'android-cleanarchitecture-kotlin',
  'kotlin',
  'kotlin-android',
  'architectural-patterns',
  'functional-programming',
  'android-development',
  'clean-architecture',
  'mobile-development'],
 ['anki',
  'android',
  'ankidroid',
  'srs',
  'flashcards',
  'learning',
  'education',
  'hacktoberfest',
  'kotlin'],
 ['sourcerer',
  'profile',
  'kotlin',
  'git',
  'analytics',
  'resume',
  'data-visualization',
  'social-networks',
  'professional-growth',
  'cv',
  'engineering',
  'freelance',
  'curriculum-vitae',
  'skills',
  'freelancer',
  'skills-assessment',
  'portfolio',
  'portfolio-page',
  'engineer',
  'programmer'],
 ['kotlin', 'sql', 'dao', 'orm'],
 ['ios',
  'android',
  'mobile',
  'mobile-app',
  'mobile-development',
  'architecture',
  'architectural-patterns',
  'mvc',
  'mvvm',
  'mvp',
  'viper'],
 ['android',
  'kotlin',
  'pokemon',
  'pokedex',
  'mvvm',
  'jetpack-android',
  'motion',
  'coroutines',
  'skydoves',
  'hilt',
  'mvvm-architecture'],
 ['ethereum', 'evm', 'chainid', 'eip155', 'chains', 'hacktoberfest'],
 ['compressor',
  'photos',
  'android',
  'android-library',
  'compression',
  'image-compression',
  'compress-images',
  'kotlin',
  'kotlin-android',
  'kotlin-coroutines',
  'kotlin-library'],
 ['xposed', 'bilibili'],
 ['kotlin', 'rxjava'],
 ['kotlin', 'compiler', 'llvm', 'objective-c', 'c'],
 ['icon-font',
  'java',
  'mikepenz',
  'android-icon',
  'android',
  'android-library',
  'android-development',
  'material-design',
  'material',
  'material-ui',
  'material-components',
  'material-icons',
  'google-material',
  'weather-icons',
  'foundation-icons',
  'meteocons',
  'fontawesome',
  'google-material-icons',
  'android-compose',
  'compose'],
 ['anti-censorship', 'android'],
 ['jetpack',
  'jetpack-compose',
  'compose',
  'android',
  'android-ui',
  'kotlin',
  'kotlin-android',
  'declarative-ui',
  'jetpackcompose'],
 ['static',
  'analysis',
  'kotlin',
  'codesmells',
  'linter',
  'gradle-plugin',
  'static-analysis',
  'lint',
  'code-quality',
  'hacktoberfest'],
 ['kotlin-multiplatform', 'sql', 'sqldelight'],
 ['android', 'jetpack-compose', 'music-player', 'youtube', 'music'],
 ['android-development',
  'android',
  'functional-programming',
  'rxjava',
  'functional-reactive-programming',
  'frp',
  'kotlin-android'],
 ['android-library',
  'recyclerview',
  'multitype',
  'recyclerview-multi-type',
  'one-to-many',
  'one2many'],
 [],
 ['android',
  'android-library',
  'alerting',
  'ui',
  'android-app',
  'android-ui',
  'android-development',
  'customisation',
  'java',
  'material-design',
  'material-ui',
  'app',
  'google'],
 ['r', 'csv', 'fwf', 'parsing'],
 ['forecasting', 'forecast', 'cran', 'r'],
 ['graph-visualization',
  'ggplot2',
  'visualization',
  'network-visualization',
  'r',
  'ggplot-extension'],
 [],
 ['easystats',
  'r',
  'rstats',
  'models',
  'statistics',
  'regression-models',
  'performance-metrics',
  'datascience',
  'dataanalytics',
  'hacktoberfest'],
 [],
 ['r', 'curl', 'http', 'api'],
 ['r', 'pipe'],
 [],
 ['stan',
  'mcmc',
  'bayesian-inference',
  'bayesian-data-analysis',
  'bayesian-statistics',
  'r',
  'r-package'],
 ['r',
  'shiny',
  'shiny-apps',
  'shinyapps',
  'shiny-r',
  'r-package',
  'hacktoberfest',
  'golemverse'],
 ['r',
  'r-package',
  'css',
  'typesetting',
  'paged-media',
  'html',
  'printing',
  'pdf'],
 [],
 ['data-visualization', 'r'],
 ['go', 'kegg', 'enrichment-analysis', 'gsea', 'visualization', 'rstats'],
 [],
 ['visualization',
  'ggplot2-themes',
  'ggplot2',
  'rstats',
  'data-visualization',
  'plotting-in-r',
  'plotting',
  'r'],
 ['machine-learning',
  'data-science',
  'classification',
  'regression',
  'r',
  'mlr3',
  'r-package'],
 ['r', 'unit-testing'],
 ['word2vec',
  'text-mining',
  'natural-language-processing',
  'glove',
  'vectorization',
  'topic-modeling',
  'word-embeddings',
  'latent-dirichlet-allocation'],
 [],
 ['human-cell-atlas', 'single-cell-rna-seq', 'single-cell-genomics', 'cran'],
 ['r', 'r-package', 'rmarkdown', 'pandoc', 'markdown', 'literate-programming'],
 ['clickhouse', 'nyc', 'nyc-taxi-dataset', 'postgresql'],
 [],
 ['knitr',
  'r',
  'literate-programming',
  'sweave',
  'rmarkdown',
  'dynamic-documents',
  'r-package'],
 ['r', 'package-creation'],
 ['datascience', 'data-science', 'r', 'text-mining'],
 ['rstats',
  'ggplot2',
  'animation',
  'transition',
  'data-visualization',
  'ggplot-extension'],
 ['rstats', 'ggplot2', 'visualization', 'ggplot-extension'],
 ['r', 'functional-programming'],
 ['reproducibility',
  'high-performance-computing',
  'r',
  'data-science',
  'drake',
  'makefile',
  'pipeline',
  'workflow',
  'reproducible-research',
  'rstats',
  'r-package',
  'ropensci',
  'peer-reviewed'],
 ['rstats',
  'palette',
  'palettes',
  'palette-generation',
  'color',
  'color-palette',
  'r'],
 ['data-cleaning',
  'data-science',
  'data-analysis',
  'r',
  'pivot-tables',
  'dirty-data',
  'tabulations',
  'spss',
  'excel',
  'tidyverse'],
 [],
 ['plumber', 'r', 'api', 'api-server'],
 ['plot',
  'theme',
  'ggplot2',
  'visualization',
  'data-visualisation',
  'plotting',
  'ggplot2-themes'],
 ['r', 'shiny', 'book'],
 ['r', 'tidy-data'],
 [],
 ['r',
  'cran',
  'parallel-processing',
  'parallel-computing',
  'distributed-computing',
  'hpc-clusters',
  'hpc',
  'promises',
  'futures',
  'asynchronous',
  'programming',
  'parallelization'],
 [],
 [],
 ['r', 'generativeart', 'generative-art'],
 [],
 ['visualization', 'rstats', 'ggplot2', 'ggplot-extension'],
 ['r2',
  'aic',
  'performance',
  'models',
  'loo',
  'r',
  'easystats',
  'mixed-models',
  'statistics',
  'hacktoberfest',
  'machine-learning'],
 ['r', 'copypaste', 'excel', 'addin', 'clipboard', 'tibble'],
 ['r',
  'summary-tables',
  'statistics',
  'rstats',
  'r-package',
  'gt',
  'html5',
  'easy-to-use',
  'summary-statistics',
  'reproducible-research',
  'reproducibility',
  'regression-models',
  'tableone',
  'table1'],
 ['r',
  'rstats',
  'apache-spark',
  'machine-learning',
  'dplyr',
  'sparklyr',
  'remote-clusters',
  'livy',
  'ide',
  'distributed',
  'spark'],
 ['r',
  'spatial',
  'book',
  'geo',
  'geospatial',
  'geospatial-data',
  'simple-features',
  'raster',
  'maps',
  'mapping-tools',
  'education',
  'rstats',
  'rspatial',
  'geos',
  'gdal',
  'postgis',
  'course',
  'geography'],
 [],
 ['r', 'web-scraping', 'html'],
 ['r', 'tidy-data', 'modeling'],
 [],
 [],
 ['machine-learning',
  'data-science',
  'tuning',
  'cran',
  'r-package',
  'predictive-modeling',
  'classification',
  'regression',
  'statistics',
  'r',
  'survival-analysis',
  'imbalance-correction',
  'tutorial',
  'mlr',
  'learners',
  'hyperparameters-optimization',
  'feature-selection',
  'multilabel-classification',
  'clustering',
  'stacking'],
 ['r', 'data-science', 'tidyverse'],
 [],
 [],
 ['stock-prices',
  'stock-symbol',
  'multiple-stocks',
  'stock-exchanges',
  'financial-data',
  'tidyverse',
  'stock-indexes',
  'stock-lists',
  'financial-statements',
  'financial-analysis',
  'quantmod',
  'xts',
  'performanceanalytics',
  'dplyr',
  'time-series',
  'timeseries',
  'performance-analysis',
  'stock-performance',
  'stock',
  'r-package'],
 [],
 [],
 [],
 [],
 ['r', 'data-manipulation', 'grammar'],
 [],
 ['r', 'visualisation', 'data-visualisation'],
 [],
 ['r', 'rstudio', 'shiny', 'reactive', 'web-app', 'web-development'],
 ['network-analysis',
  'network-visualization',
  'complex-networks',
  'political-networks',
  'semantic-networks',
  'graph-theory',
  'disease-networks',
  'network-science',
  'social-networks',
  'social-network-analysis',
  'historical-networks',
  'sna',
  'awesome-list',
  'awesome',
  'list'],
 [],
 ['book', 'bookdown', 'data-science', 'r'],
 ['r',
  'data-science',
  'data-analysis',
  'awesome',
  'list',
  'awesome-list',
  'rstats'],
 ['r', 'summary-tables', 'easy-to-use', 'docx', 'html', 'latex', 'rtf'],
 [],
 ['r',
  'ggplot2',
  'addin',
  'data-visualization',
  'visualization',
  'rstudio-addin'],
 ['r',
  'network-graph',
  'graph',
  'visualization',
  'property-graph',
  'graph-functions'],
 ['ggplot-extension',
  'dataviz',
  'r',
  'statistical-analysis',
  'datascience',
  'bayes-factors',
  'regression-models',
  'effect-size',
  'non-parametric-statistics',
  'hypothesis-testing'],
 ['plot', 'wes-anderson-palettes', 'r', 'data-visualization', 'color-palette'],
 ['hugo',
  'blogdown',
  'rstudio',
  'rmarkdown',
  'r',
  'blog-engine',
  'website-generation'],
 ['machine-learning',
  'data-science',
  'r',
  'python',
  'gradient-boosting-machine',
  'random-forest',
  'deep-learning',
  'xgboost',
  'h2o',
  'spark'],
 ['teaching', 'data-science'],
 [],
 ['brms',
  'stan',
  'bayesian-inference',
  'multilevel-models',
  'statistical-models',
  'r-package'],
 ['heatmap', 'complex-heatmaps', 'clustering'],
 ['r', 'spatial', 'gdal', 'geos', 'proj', 'r-package', 'rstats'],
 ['linter', 'r'],
 ['r',
  'rstats',
  'ggplot2',
  'datavisualization',
  'visualization',
  'data-visualization',
  'ggplot2-themes',
  'ggplot-extension',
  'ggplot2-scales'],
 [],
 ['ozunconf18', 'resume', 'r', 'cv', 'unconf', 'r-package', 'rstats'],
 ['r'],
 ['text-mining', 'r', 'tidyverse', 'tidy-data', 'natural-language-processing'],
 ['ggplot2', 'cran', 'visualization', 'text', 'rstats'],
 ['incremental', 'parsing', 'c', 'tree-sitter', 'rust', 'parser', 'wasm'],
 ['neural-network',
  'matching',
  'search-engine',
  'knn-algorithm',
  'hnsw',
  'vector-search',
  'nearest-neighbor-search',
  'image-search',
  'embeddings-similarity',
  'approximate-nearest-neighbor-search',
  'recommender-system',
  'vector-search-engine',
  'mlops',
  'search-engines',
  'neural-search',
  'similarity-search',
  'vector-database',
  'machine-learning',
  'search',
  'hacktoberfest'],
 [],
 ['rust', 'hyper', 'http'],
 ['command-line',
  'cheatsheets',
  'terminal',
  'shell',
  'snippets',
  'rust',
  'bash',
  'snippet',
  'cli'],
 ['argument-parsing',
  'subcommands',
  'rust',
  'positional-arguments',
  'parsed-arguments',
  'command-line',
  'command-line-parser',
  'argument-parser'],
 ['link-aggregator',
  'fediverse',
  'activitypub',
  'reddit',
  'chat',
  'rust',
  'lemmy'],
 ['lsp-server', 'rust', 'hacktoberfest'],
 ['mdbook', 'rust', 'rust-programming-language', 'book'],
 ['wasm',
  'jit',
  'sandbox',
  'cranelift',
  'wasi',
  'wasmtime',
  'webassembly',
  'runtime',
  'rust',
  'aot',
  'standalone'],
 ['vaultwarden',
  'bitwarden',
  'rust',
  'docker',
  'rocket',
  'hacktoberfest',
  'bitwarden-rs'],
 ['zsh-theme',
  'fish-theme',
  'zsh-prompt',
  'fish-prompt',
  'shell-prompt',
  'oh-my-zsh',
  'rust',
  'starship',
  'zsh',
  'powershell',
  'fish',
  'bash'],
 ['rust', 'ls', 'command-line', 'files'],
 ['code-editor', 'developer-tools', 'rust', 'text-editor', 'vim'],
 ['text-editor', 'vim', 'rust', 'kakoune'],
 ['shell', 'rust'],
 ['bevy',
  'gamedev',
  'game-engine',
  'open-source',
  'rust',
  'hacktoberfest',
  'game-development'],
 ['formatter', 'linter', 'javascript', 'toolchain', 'typescript'],
 ['ecmascript',
  'compiler',
  'rust',
  'javascript',
  'parser',
  'babel',
  'swc',
  'ecmascript-parser',
  'typescript',
  'typescript-compiler',
  'typescript-parser'],
 ['command-line',
  'tool',
  'filesystem',
  'search',
  'regex',
  'rust',
  'cli',
  'terminal',
  'hacktoberfest'],
 ['rust',
  'webview',
  'high-performance',
  'works-with-vue',
  'works-with-gatsby',
  'works-with-svelte',
  'works-with-react',
  'works-with-quasar',
  'works-with-phaser',
  'works-with-yew',
  'works-with-reason',
  'works-with-mint',
  'works-with-construct',
  'works-with-flutter',
  'works-with-elm',
  'works-with-clojurescript',
  'hacktoberfest'],
 ['deno', 'typescript', 'javascript', 'rust'],
 ['command-line',
  'tool',
  'syntax-highlighting',
  'git',
  'terminal',
  'cli',
  'rust',
  'hacktoberfest'],
 ['remote-control',
  'remote-desktop',
  'teamviewer',
  'anydesk',
  'vnc',
  'rdp',
  'rust',
  'p2p',
  'flutter',
  'flutter-apps',
  'flutter-examples',
  'flutter-ui',
  'flutter-web',
  'flutter-desktop',
  'flutter-mobile',
  'dart',
  'rust-lang',
  'wayland',
  'linux',
  'hacktoberfest'],
 ['ripgrep',
  'recursively-search',
  'search',
  'regex',
  'gitignore',
  'grep',
  'command-line-tool',
  'command-line',
  'cli',
  'rust'],
 ['application',
  'chatgpt',
  'linux',
  'macos',
  'windows',
  'tauri',
  'desktop-app',
  'openai',
  'gpt-3',
  'rust',
  'webview',
  'notes-app',
  'ai',
  'app',
  'gpt'],
 ['terminal-emulators',
  'opengl',
  'gpu',
  'rust',
  'vte',
  'terminal',
  'linux',
  'macos',
  'windows',
  'bsd'],
 ['rust', 'awesome'],
 ['rust', 'rustlings', 'beginner-friendly'],
 ['rust', 'compiler', 'language', 'hacktoberfest'],
 ['spotify',
  'spotify-api',
  'spotify-tui',
  'rust',
  'terminal-based',
  'terminal',
  'cli'],
 [],
 ['nvm', 'nodejs', 'javascript', 'reasonml', 'version', 'hacktoberfest'],
 ['rust',
  'tui',
  'terminal',
  'git',
  'command-line-tool',
  'command-line-interface',
  'async',
  'hacktoberfest',
  'bash'],
 [],
 ['workspace', 'terminal', 'multiplexer'],
 ['distributed-transactions',
  'raft',
  'rust',
  'key-value',
  'tikv',
  'consensus',
  'rocksdb',
  'tidb',
  'cncf',
  'hacktoberfest'],
 [],
 ['rust',
  'coreutils',
  'gnu-coreutils',
  'busybox',
  'cross-platform',
  'command-line-tool'],
 ['diff', 'tree-sitter'],
 ['duplicates',
  'gtk-rs',
  'rust',
  'cleaner',
  'similar-images',
  'similar-music',
  'multiplatform',
  'similar-videos'],
 ['shell', 'rust', 'zsh', 'history', 'fish', 'bash'],
 ['static-analysis',
  'static-analyzers',
  'linter',
  'code-quality',
  'awesome-list',
  'static-code-analysis',
  'sast',
  'analysis'],
 ['network-analysis',
  'networking',
  'packet-sniffer',
  'rust-crate',
  'linux',
  'macos',
  'packet-capture',
  'rust',
  'windows',
  'security',
  'utility',
  'application',
  'network',
  'network-monitoring'],
 ['z',
  'command-line',
  'rust',
  'zsh',
  'autojump',
  'bash',
  'powershell',
  'shell',
  'fish',
  'xonsh',
  'xontrib',
  'fzf',
  'fasd',
  'jump',
  'command-line-tool',
  'cli',
  'nushell',
  'elvish',
  'fish-shell',
  'hacktoberfest'],
 ['rust',
  'bare-metal',
  'raspberry-pi-3',
  'rpi3',
  'embedded-rust',
  'armv8',
  'aarch64',
  'raspberry',
  'arm64',
  'kernel',
  'operating-system',
  'os',
  'raspberry-pi-4',
  'rpi4',
  'tutorial',
  'raspberry-pi'],
 ['android', 'privacy', 'debloat', 'adb'],
 ['static',
  'site-generator',
  'rust',
  'tera',
  'static-site-generator',
  'blog-engine',
  'documentation-tool',
  'cms',
  'markdown',
  'markdown-to-html',
  'content-management-system'],
 ['rust', 'query-builder', 'orm', 'postgresql', 'sqlite', 'mysql'],
 ['rust', 'package-manager', 'cargo'],
 ['rust',
  'embedded-devices',
  'language',
  'gui',
  'wasm',
  'cpp',
  'javascript',
  'ui',
  'web',
  'webapplication',
  'webassembly',
  'declarative-ui',
  'lsp-server'],
 ['ledger',
  'blockchain',
  'solana',
  'performance-blockchain',
  'rustc',
  'bitcoin',
  'rust'],
 ['terminal-emulators',
  'rust',
  'terminal',
  'terminal-emulator',
  'serial-port',
  'serial'],
 ['rust', 'lint', 'hacktoberfest'],
 ['dashboard', 'tui', 'terminal', 'rust'],
 ['profiler', 'python', 'performance-analysis', 'profiling'],
 ['neovim', 'rust', 'skia', 'gpu', 'neovim-guis', 'hacktoberfest'],
 ['sql',
  'rust',
  'postgres',
  'mysql',
  'async',
  'await',
  'mariadb',
  'postgresql',
  'sqlite',
  'mssql'],
 ['rust', 'python', 'binding', 'ffi', 'python-c-api', 'hacktoberfest'],
 ['csv', 'cli', 'command-line', 'rust'],
 ['rust',
  'infrastructure',
  'search',
  'index',
  'graph',
  'database',
  'server',
  'backend',
  'search-server',
  'search-engine'],
 ['command-line',
  'tool',
  'benchmark',
  'rust',
  'cli',
  'terminal',
  'hacktoberfest'],
 ['emulator', 'virtualization', 'x86', 'wasm'],
 ['git',
  'diff',
  'pager',
  'rust',
  'delta',
  'git-delta',
  'color-themes',
  'syntax-highlighter'],
 ['rust', 'algorithms', 'data-structures', 'rust-lang', 'hacktoberfest'],
 ['rust',
  'web',
  'web-development',
  'websockets',
  'actix',
  'actix-web',
  'async'],
 ['rust',
  'python3',
  'python-language',
  'jit',
  'interpreter',
  'hacktoberfest',
  'language',
  'compiler',
  'wasm'],
 ['linter',
  'pep8',
  'python',
  'python3',
  'rust',
  'rustpython',
  'static-analysis',
  'static-code-analysis',
  'style-guide',
  'styleguide',
  'ruff'],
 [],
 ['blockchain'],
 [],
 ['rust',
  'course',
  'classroom',
  'guide',
  'training-materials',
  'android',
  'google',
  'training'],
 ['blockchain', 'fuel'],


 ['rust',
  'command-line',
  'cli',
  'ping',
  'linux',
  'graph',
  'network-monitoring',
  'shell']]